Real Data 1,Real Data 2,Real Data 3
0.34063045779261575,-0.7067199312342787,-0.34528555084696294
0.7111378419019225,-1.2914373688397898,0.26311894395641067
0.11188301742776333,-0.7393752378560242,-1.0064151894824618
-1.4702058703739402,-0.6499077572318771,-1.4746927201470206
-0.0810555881983881,1.0103535110658004,0.6179065188753191
0.324623531027818,-1.160206203616111,-0.702816714054292
1.3111847913711272,-0.3681396271109298,-0.6959645472780807
-0.2149357439498155,1.0054341920421415,-1.2899161067877347
0.2769728367368595,0.21045019545001928,-0.4735406709243848
2.3444251509129233,1.070325853570929,0.4579238011846396
1.01810034585356,-0.8380244075071644,1.2440815527130764
1.0008902320551998,2.8764223844553194,-0.861569924321795
-1.31486465511531,0.2025907638789729,-0.5275844785016724
-0.41651368397129857,-1.2442258053181585,-0.4066409819624196
-1.3240989148526483,0.5843970820628158,-1.8198032706277791
-0.6212293034822011,-1.0228468498863759,0.423935248716478
0.01334531425784615,-0.8435443038486836,-0.616423099972278
-2.401841998384716,1.5388500223585306,-0.05329584872127358
-0.7480880897556312,-0.8056813123791168,1.7917317883920985
-0.8913017994296234,1.38892958470196,0.8101303283819359
0.443755489142972,-0.36508598398103626,0.017794854045554483
0.8088225628579432,-0.863575597341347,-0.8111929697562968
-1.5802009617106714,-0.48084869386156837,-0.17737313037933428
-1.1498528311305496,2.021202515362927,0.15741814007746188
-1.2457682974926465,0.45104024929125436,-0.159755017838982
0.029332200374592953,0.6134270642319384,1.6393981046875739
0.8537430824479293,-1.0685087388571866,0.05302731726148813
-0.617310040072222,0.12043023158829379,0.7640654207139033
-0.030465904825706585,-1.7758803718662644,0.4476718181941142
1.7540865708243951,-0.7711178851152537,0.8185880075707394
1.23586047666591,1.0164565198212787,0.7888860499708334
-1.850371355746043,0.35242125458662565,1.0558787304366364
-2.9316351925883812,0.20293362138639306,-2.168821951421704
0.19792786535422355,-1.8585317247942763,-1.9315655498139075
-0.19341968767704057,-0.8307866899618237,2.0750710574213294
0.552254964676383,-0.1294215866804959,-1.0334934731715704
-0.06268980946141557,0.25845137412270314,0.05013477993549346
0.9931538313524124,-0.013760578355686994,1.4203386451908422
-0.09684486155982845,-0.40260394114540066,-0.34560555552976074
-0.7087120359780866,0.24035513355357152,-1.1469843997650617
0.41494764243507415,0.5465448938898604,-0.8510897541050617
-0.9738473646683298,-0.1751656334161381,0.18257800962368673
0.12185390629225681,-1.2369309642151665,1.379144331959657
-1.237645550253593,0.5523504932490614,-0.2629424629839532
-0.6546465945647548,-0.21144303806712353,0.8722009849565681
-0.2840666759062434,1.8066180810608545,-0.7701727345219295
1.3961654581571799,-0.32016750404471345,-0.16252100867183897
-0.35805037341063006,0.6288984401014495,-0.2356849569506268
-0.07849125827363668,-3.1658501876406238,1.193686515395895
-0.7549133436062935,-0.5875812766754679,0.055531673051706816
1.046850758474224,-1.221852367957795,0.4484168033854214
1.4160765264343682,-0.15425834528284113,0.3564007481692899
-0.7836734682928826,1.3638625679613516,-0.25197824494947035
-0.3996197063054027,-0.16478722751060196,-0.42869884783251083
-0.5185619223000794,0.31350596165842937,-0.6270286188215165
0.4432922547976357,-1.310225145874261,0.2991549064337281
0.13530201900540828,-0.27147339814951177,-0.7865271510094889
0.3009913311487128,-0.5354061675973999,-0.9653365801900562
0.678611561031952,0.16964441266499075,-0.6564324217279089
-0.5797568629028419,0.46358349200462146,-1.9854579312229383
-0.7584489623114176,-0.058780328870424066,0.39324545804011213
0.5017667621793255,-0.2913867638473295,-0.4131954761247669
0.873935134024042,-0.593180930789574,0.6253930619254936
-0.9793349540042218,-0.014480238661683223,-0.9345436312498994
-0.0955709585538816,0.4667210645857015,0.4430275999717934
0.4351797703544334,-0.3554024444290256,-0.3265687018226534
0.3934063399687015,1.2622766113944421,-0.7411254720561161
-0.5168065740318268,-0.5616906250985297,-0.22139659012537108
-0.7906986382813942,1.082196965105623,-1.2352320787200375
-0.9973704914940483,-1.0782284570092178,0.5122847799270587
1.0427136556406018,1.4581476399460402,0.3849780929816012
-0.3183724183231698,1.1552623441213046,0.04190009124343262
-0.5926777752074485,-0.5873211263020148,0.4715960462644221
-0.5585283175906853,0.5183606880084931,-1.5859548131729104
-0.9040439323316241,-0.012207983374855878,-0.5654087608101334
-0.5070165617679132,1.347856853262283,0.277223098569492
-0.4637881670329231,-0.09662121576096652,0.15777187995783323
-0.2256996240113124,-1.394809418697883,-0.7768759967767748
-0.05987273809860683,0.09569296631811464,-0.5566070793259732
1.0708710077619596,-1.2277118656196822,-0.8095788357786051
0.1597670503427454,0.8559042220750529,0.13998959254713467
-0.914100355110005,-1.0256287458199278,-1.908280728277774
0.7567275041798831,0.35770740929470624,-1.1369174858135302
1.411296634105352,0.4070053413105037,0.5445433799176399
-1.129027749466229,0.5419871890416641,0.22087977690163568
-0.6150916465014226,-0.11429025300104477,-0.7759043549803498
-1.2563702604171079,-0.07566774376397714,1.471529303825401
-1.4386945076578896,-1.3887143496405485,1.4463560403972018
0.6155242861512082,0.15700933388878427,0.5164136854035395
-0.7191049161561115,-0.5540898545105348,1.488179432289822
0.4571555960705365,-1.3455530763066255,-0.6600475245742602
0.3873511751317596,1.5592379281452726,-0.8298035663899698
-0.35565746159586287,0.8567750204848251,-1.8776913450221056
0.3300775943370106,-0.5328364977292095,0.1479332419134356
1.9491572092739502,0.7733050033928835,-1.1662604469592974
-0.7294958845615285,-0.05631096961081764,1.355364312894281
0.2544267879381167,0.028076454021933317,1.5647015263092343
1.7896229341876961,-0.14961790145553636,-1.3300405930367163
-0.5502681292577525,0.49237586471075345,-0.5898903212768227
-1.6705920254079922,-0.0325150729307617,-0.898657567395704
-0.5308371290360382,-0.3667118684150722,-0.6188568342403797
-1.6526051704672193,0.20280327162847891,0.15372853773910955
1.0964417010343153,0.4930282580340873,-0.130356022614877
0.8545358617798425,-0.9855430904316813,0.9452151226376052
-1.3543421326370704,0.1565687909314159,1.0689932508258126
0.7129851781080405,0.6673774618977499,0.2802534116959561
1.591442936111536,-1.0097357526134,-0.4781945421865315
1.0601063700795643,-1.0825094948529246,0.8111382550336882
-0.4280953614631523,1.529345426488484,1.747915987410911
-0.9094165974116222,0.2711686401261693,-0.34075331776019685
-1.063997049989403,2.014377298699578,2.024020448652325
1.661280417950835,-0.8602874682817925,0.5826847093612381
-1.9691032484932567,-0.21740281479083234,0.34194030440438355
-1.4925060720479495,-1.96442895306526,0.5133930683127113
-0.36703228082276307,-0.2994704528923623,-0.8080953508672655
-0.6482860600774052,0.2788892196075008,1.3954903983961373
0.04832492456377367,0.6351939901335465,-1.3047597893455094
-2.0822328979487352,-0.7939768579705948,1.411148281971041
1.3181167475487707,0.21215515529467258,0.13886141409077543
1.0835732516174221,-0.039065075258101115,-0.3537605941151112
0.8020777879276157,0.42249442155410777,-0.6894638161047656
0.9528642421747321,-0.37937048966975556,0.111852393841971
-1.7254848868818864,-0.33689384419598833,0.22294359715489
-0.922316116890893,-0.8662944189339554,0.38004059345861463
-1.3783025788959438,-0.15579260977750484,-0.05882412592115448
0.7219404782885138,0.32459507719854225,-1.3803693045344476
0.49862443410887153,-1.3612705820931654,-0.9848051549499494
-0.15769831179064478,0.3937419694232746,-0.7905792679153698
0.0034939390300443344,0.9973675180861411,0.09806185551941732
-0.11454230266094713,-0.10935694979694897,1.0350522154253432
-0.9885957451638419,0.617012205763194,-1.1632401537170889
-0.0010170165857494111,-0.8893873135804798,0.3717622562171623
-1.3969260994463324,-0.3702669051662239,-1.9991494462969945
0.41667347801307153,1.0048362415178806,-0.2530664061709944
0.29389854086878286,0.6244822498071073,0.10700132400203641
0.519791748605159,0.13070247744108687,0.7957318149203774
0.46691194878528386,-1.9561464759843712,3.0126439291962694
0.10781309198754936,0.0802872376986548,1.1178672013396487
-0.4404059512856416,-0.24904523757103478,0.12097119217211003
0.8604443723961844,0.5015371257773786,-1.5593344912247002
1.895065339177634,0.29366229825674156,0.20135509360282441
-0.13128484121391,0.25185057145543466,1.0626295339329617
-0.11755588396350738,0.439132546784951,0.3956503624217638
0.7423652419343743,-0.6766861008891465,0.7863880026593583
0.7643158916470384,-0.27555838233320895,-0.2302016171042901
0.9815081791806558,-0.4698162941706124,1.2832420750400162
0.7775949299011665,0.37566953059027325,1.016865343899525
-1.5579675851686077,1.084777499020426,2.416163673939101
0.12807344314706928,1.032161201557358,-0.5484610644654278
0.3805614966060438,0.5267074058252438,1.403493228776441
-0.04935478320253092,0.19358044949304,1.375277390138937
-0.33369078339814956,-0.8892594161980126,1.5298374653914542
-0.30876301879536766,-1.2886155090200044,0.8598689593174494
-0.2020067211694884,0.11857170495736047,0.5541076471880492
-0.3212915189877644,-1.1755547043516994,0.17523265738788224
1.62105748816187,-1.9873398718631687,-1.4565640558827981
-0.3523049100717847,-0.18858052759883437,0.007583012778188931
0.8406575041255043,0.21360711777253022,0.005567130636594775
-0.4933406488478897,-0.95713318962825,-0.9447757874959049
-0.3873674522277087,2.5011201629814206,-0.04197712037764054
1.553380372097186,-0.704899908562808,1.0722354621436694
-0.71182552349339,0.1645349738539055,-0.4332103212949263
1.499377321087185,0.7066615114334054,-0.5301684894767434
1.0905348135650588,-0.5585359692050675,0.0014092848503553161
0.030021486274168396,1.7357428133156647,-0.4070758475074538
0.3734497161445815,0.36754404019322773,-0.06529395677945898
-0.09088392366308656,0.7007309953530896,0.5168002522598251
0.5301425563742402,-0.846731476688249,-0.31338658138616915
0.7543560696377336,-1.901731692899666,0.6948393088136259
1.1687352980499066,-0.018035973786140417,2.4582254200405425
0.7326956089085148,0.25922117604110334,-0.27214024337516046
0.47312119875735836,0.7158525620342098,-0.11816543604040751
0.515821045815037,0.8876827120715964,0.5222001419797675
2.259983641906933,0.027623566488456448,0.44875012307352985
-0.913275314414497,0.4243132262087306,-0.7365045366405947
-1.4550642078460756,1.67444845180615,-0.7354069772724185
-0.7984160405530333,-0.8257460157975093,-1.7181085481215597
-0.23983836906883127,-0.4900139099542468,1.08928860592998
0.3975248863861787,-0.6575837517290211,-1.408925915742204
0.8902612633458648,0.5293718117296622,-0.7207007131771339
-1.463905884580392,0.5871940030013416,0.6195715926223271
0.3747004429901614,-0.41417018372905023,-0.17938301329002562
-0.360132817476515,-0.3257655424998406,1.5756175542257917
-0.5050378391805493,-0.33391519020465515,-0.7320239866664162
1.3620605052061823,0.6947143947657944,-2.334595566237676
0.17168476236993355,0.4941324604360541,0.4180225721005775
0.5897095549782009,-0.41301303274447104,-0.07534517017582176
0.3149470980531709,0.39727169875253643,-0.54485853126177
-0.5862360822456282,-0.0987700537753098,0.7403017729243521
0.2817236912971542,1.1217055131109106,-0.0010695937117184474
-0.18877798158414041,1.9842990043325992,0.11743505121132918
0.37385800027727206,-0.104412022779983,0.1456063428994011
-0.8755170159272473,1.0314170723027867,-0.8817536532875314
1.5519929267536507,-0.7549016491539042,-1.0078434650765709
1.2093110982438997,-1.5384011319680726,0.49444107760810435
-1.96042191442414,-0.33426960593748484,0.6686792777784117
0.6067136616741675,0.9052607115534849,1.8815942337766671
-0.38130141901368286,-2.1040101419489647,-0.9033109614982929
-0.8529951938400021,1.3569698358188578,-0.017828411423198045
0.4917246151875651,-0.8981699753554109,-0.43718459856955844
0.28780773524027653,-0.5913303263645144,2.002177351792833
0.18494496770193056,-0.5794567788253434,0.018751273675869123
-1.2541589725963573,-0.21637989455205855,0.24471707995462177
-0.07983139180453803,-0.2974198927841996,-1.0838798122553266
-1.4736119872741302,-0.6022764797334996,-1.997877484651394
-0.13851181025782924,0.2716138366732186,-0.6961387581493479
-0.3718194680621214,-0.5726407249060533,0.036914711478131065
0.5354392957623264,1.1488766783472684,-0.5552116448371278
-0.663981847288141,-0.4016779285873179,-0.03274186939329716
0.00627691257703705,-0.5152100605956605,0.5853699676991446
-0.1925859251927205,-0.9837779693539784,0.894478750057796
-0.31113351227138114,-0.6937678722008086,-0.1936172406727384
0.4105088888292647,-0.46158872537412765,0.44552861297594304
0.8751533236343201,0.1366435612024429,-0.4741254867818553
1.3299786931532478,0.07869863096551688,0.187361075257915
0.6460210585599575,0.22726953770896086,-0.4329941518981203
-0.6754305088051291,0.2686458343960116,-0.6682949232838065
0.5300489032016247,0.7911031664259913,-1.36861726630405
1.0426046649699432,0.30252031100219573,-1.5852296601698663
0.9393748698205494,-0.4702054685966495,-0.042275613840948724
-1.2978053318428147,1.9692002270027897,-0.5911063173424042
-0.5934982596007528,0.005752238852666885,0.0764918297538774
-1.0411561848083042,-1.03045468404699,0.24318524522580456
-0.2364840389722357,0.5100577966194391,-0.5957997114446375
-0.21095820257613934,1.2480957456105277,0.4820805026526567
-0.48553825026363884,0.0240188961429469,-0.4348813313508968
-0.8283088459600999,-0.6678725498072537,1.5297042009259922
0.8053825254136082,-0.5738756757215779,1.4404620190113469
-0.6479989915053859,-0.28834615745485614,-1.7071867373376666
-2.3232079277193565,0.5570966762207817,-0.6265319031320804
0.3162564519707127,-0.5814389706255911,-1.3875275554206534
0.12128909712682386,0.25815450027660186,-0.3367044428885111
2.543686680795548,-0.025369554552173466,-1.583260578461535
-0.6093004056143135,0.5723466488461589,1.5726774243793344
0.8573365223929866,-0.18583928393591484,0.21610761406557352
0.08322021674539869,0.2338808863473561,-0.4025935241037305
0.9810764578111469,-0.05633144055729263,-0.5183972276638993
1.125030585496579,0.8744848727029488,-0.25142324912081093
-0.7594800391785739,-0.09492155310596727,0.19073474398866005
1.9811208613236233,-0.2481510202357097,-1.1520917190379407
1.0909520238251122,0.6837264932708552,-0.7595621080514048
-1.0286862013490565,1.9428245826850432,0.01603477162957379
3.0066320741746426,-0.8235269285199782,-1.1097752252414388
-0.5642011882603065,0.8047737752126464,1.672954229075712
-0.31505526153983987,-0.7183006319185635,-0.07947370695617618
0.021683125330914644,-1.5519182265222204,-0.3981372827715156
-0.48970007822978734,-0.15613492904361345,-0.4449331187398351
-0.3908509088803023,-0.4087302598842563,1.146468737288494
-0.5489645571772468,0.1971905997161635,0.24946538953480835
0.5049151179086738,0.8704919922851991,-0.15473354870354225
-0.1705670227268382,0.605227880860019,-1.2400599681526472
0.38907322238480146,1.1508453934876473,-0.24249665099648332
-0.15384046555029532,0.6540093354276016,-0.7076506227574154
-0.14241657071261798,-0.8308644973824191,-0.5078241190111237
0.1371751503987269,-0.5455784647875311,-0.010003690690424423
1.286190610883084,-2.1324312146504862,-0.6899205748689324
-0.81038324123064,2.8654007031218116,-0.5791588932223092
1.5907143719196806,0.24412392047136486,1.3111676507489367
0.33164705872784667,0.23734646248276217,0.5008179683963198
-1.515171073476327,-1.6905950193431727,0.5780434393768749
0.6809907453515788,-0.5029893376695588,1.6431467830168598
1.8890841729945058,0.9608105426879305,-1.0302808236531122
-1.3956136931562955,0.06914355111776312,0.2410327957462664
-0.004869434395631014,-0.08768397738479339,1.5568038590509334
-1.439765159255047,-0.04373756650789009,0.4992200608608113
-1.0348231627544187,0.11953267303111362,0.1945817352694805
-0.4846330783987287,0.21632212330250924,-0.5362417726092842
0.1321559087595216,-1.812456704352558,-0.4775670516148057
0.8420077062790177,0.21879552387184084,-0.9087978163841793
-1.2575875558296183,0.7725108808777044,0.5546957782003389
-0.9087418826474696,-0.1751357838473552,0.35231971118826033
-0.4806893231037687,-1.85063809500662,1.2519931024098359
0.2509710153340554,1.0203638036873817,-0.40051449397409067
0.5542646446081991,-0.8438381713581792,1.6949908798819322
-1.1008383260752572,0.990279255672916,-1.3564191651332833
0.40296202263792097,-0.48668855293471897,0.24677402356490255
0.7625828689873759,-0.7001909260908755,-0.533657160333463
0.2003531424386756,1.0801166482717843,-0.3481200598825091
1.1420504131096403,-1.01843358931445,-2.6001955978347002
-0.32887756604615975,0.09846004117914636,1.132217813031057
0.4045948118396429,1.817047000435809,-0.08210328836538426
0.07692313346520234,0.13603874233172814,1.189816390585043
0.8017782020129183,-0.7145323105515742,0.9203523352114321
-1.0379200897460852,-2.627828565637153,-0.7908480754496423
-0.9558669925081829,-0.08094588526664442,0.16191277800136686
-0.8898414399607486,0.41385733285211534,0.38205685228263536
0.008988526176761574,-0.7644608198416137,1.493533677077773
1.8029999832892882,-0.22670430939927477,1.7440349393860988
0.2838285423425226,0.8535090991955266,1.5982915567471017
-1.0472827838160683,0.33545146949687865,0.9271677580578784
-1.039657696726536,-0.1657137104044933,0.2756760751557693
-1.509959664297045,0.5791281066518857,0.30962228200278824
-0.44621610976258563,1.7678749220537504,0.1503768835330266
-0.012741796267775642,0.6543790853370488,-0.2527535179832942
-0.3912661430442836,1.7136818832711282,1.0494330044739162
1.8689192641644987,0.3073412893653314,1.6318541286162238
1.3119387874233859,1.6890052006586371,-0.7377787570165473
-1.0329126070186525,-1.3007312570291492,-1.2241045666274655
-0.45935415207241354,-0.8051619742347673,0.47033503560482687
-1.367434476829528,-0.3450047620413772,0.8686230837361506
-0.2657715471237546,-2.079203817709368,0.5516443295054115
-0.30001231426376945,2.1262996502838973,-0.9269702143057628
1.5271281667492949,0.8611629149842508,2.7748749684996654
1.0504363861229886,-0.8960878496844009,1.404896860628708
-0.13613694680039679,1.6356758852536535,0.21198954011454094
-0.36001082020206526,-0.9079548098707079,0.3207797186102845
0.5806102036689246,0.32685842159936995,0.565747162440991
-0.6015926598042444,-1.2357743576463038,-0.22829442721051715
1.7508650812709128,-0.6880252922980425,0.5859867744407535
0.11092793073962594,0.8880208492313362,-0.3027189874779305
-1.0275420535249717,0.1013396757129072,-0.9478052748962925
1.7369528720707523,0.17380038221784733,-0.4467254731258979
-0.6338902654827396,1.181128992319693,-1.5681291084190205
0.9225521807925567,1.5690627550745666,-0.10007635958962789
0.5829153843438682,1.6702846416471262,-0.10454140264998686
-1.8743713956304513,-0.8051747969379557,0.8236644272941039
0.724684034440025,-1.0910998091010253,-0.685608982206785
-0.9114213403524932,0.5411979875296589,-0.274848946629231
-0.4040712206685028,0.568573046380344,1.0153554463336676
-1.4094339058354795,-0.1434951278831048,0.19588813235026142
-1.1568156686852948,-0.8077460493561509,1.1670546105892836
-0.07181063232835647,-1.0488554110015855,0.557321983734738
-0.7407383362219214,0.8342852189378321,-1.0968428291986219
-0.03416152821560487,0.3342702648184058,1.1010353121901741
-2.1238383217060495,1.9271464620090468,-2.560752957863915
-0.7025971653052377,1.2473731675675885,-1.3317698809842522
2.870225921068093,0.3749284281401783,0.06813896168718031
0.38238750443472364,-1.116362626246093,-0.855443089826024
1.715164186412591,0.4785981419496942,1.3147145133260782
-0.7427777310941456,0.04642564473849548,-0.38714766865255834
-0.1601574065509787,-1.8726358038814188,-0.08265894252014752
-0.5854219311384878,1.459398729149637,1.2299278726867837
-0.017822128324886145,0.9692059679223631,-1.9784044393571
-0.2524924822828355,-0.3384655365346967,0.11835368908852467
0.6522940960117618,-1.2563070342518599,1.4242032707388403
-0.8001768573731093,-0.6087518144277422,0.20861349085915926
0.1583083120431111,0.27496573627487153,0.5532406246855239
1.4135644347992142,2.537190608299202,0.2920175209678117
-1.008390391041362,0.9485504162796897,2.306983439821735
-0.3183612048185302,-0.007678798335043354,0.5011703355923551
0.8331121338068574,1.4462835772957185,-0.33574677891317156
0.5918943249732684,1.2969870361112448,0.6097604615131329
0.8358897473051377,-1.360581820907373,0.5772377751357812
-1.0858048060238892,-0.8912470215117049,-0.753261601654478
-2.543823278638263,0.4319625660479122,-0.8772642349163094
0.23388630223500845,0.3518429997223328,0.4641110321240431
-0.016714097499202114,-1.5366252523837751,0.0021399555589825836
0.8949111967926632,-0.16171437913600917,-2.097275803804887
-0.08949780526837697,-0.16080088605910278,-0.5398611777539942
-0.9363722054221518,0.006577317127555152,-0.08434347471967003
0.761723306156824,0.751725220378422,0.4138213867237787
-0.7715089658844931,0.54495580727458,0.4888236465826008
-0.2181722771351396,-1.3316559905126328,-1.760337431141966
0.0199659590988825,-1.366167679656267,-1.6340161422287482
0.005789975421865362,-0.41239063872590126,-1.2032084437116641
-1.0056836736783843,1.951733105279427,0.15975057050882804
-0.9176400468951768,-0.9042048590069132,0.05567834057729529
-0.15012925195279678,-1.3979422118153202,-1.634755787514926
-1.681550600392889,0.8115812419624509,0.35385591623436646
-0.9116411791338768,-0.8186307963101187,0.558244560978398
0.6518679128374038,0.4444175550865823,1.3658344723643951
-0.3771174455814225,0.4756795754418567,-0.559893774823538
0.7348177297265893,0.38037677199073805,-1.300298685070068
1.3020092950989253,0.4776452229830256,-0.595588629678909
0.611674405463203,0.32703325211309325,1.5555482789978836
0.08750574951327403,-0.6810937909529334,0.35888700487289754
0.2344596884697905,2.0179959541124837,-0.36411605720768997
-0.006387606544908297,0.25053807573101966,-0.16484277698402958
1.0302222121716658,-1.0358096711429259,0.04804383063065209
1.1715126546112444,0.04253357320375524,1.2633883374201722
0.5318286478020544,0.607057741868953,-0.29083560175564255
0.6274409728599672,-0.904950903445113,0.6943400910574645
0.6810169265199401,2.048339329577277,-1.546161740514287
1.18154177625622,-0.8492759751941354,0.42492870610693456
-1.236871601477481,0.6111529777268202,-0.7227614240953
-1.1419015436500732,1.1860208847321008,-0.5157990673460905
-0.3639627740984358,-2.214189921035966,-0.4680814408916515
-1.1139591723808007,0.49519538081745385,0.941239788549133
-0.32664478038566924,-0.8055033502531236,-0.8701195336880321
-0.43379029244696116,2.363480634501548,-1.156877969184585
-1.2541604671065691,0.6996740560881176,-1.28976838323643
-0.6996815925652954,-1.743272173794891,0.2255239945212422
-0.15017521762507466,0.10199754896209041,0.8280758213423349
0.2628698702903376,-1.5139086382626914,-2.28665476531923
-1.4057952672919778,-0.7024937031250994,1.1623481769447828
-0.025561063571083988,0.7408385448765128,0.19804419795644732
-1.2782889517739868,0.5861199919981852,-0.03720686796967161
0.298240076766479,0.6907204184504948,-0.07224572485494175
-0.4197332626236306,-0.6396574151975761,0.30965592308828854
-1.0009907763624082,1.0519253958278858,1.0885075864500036
0.4832695166292706,0.14060348291617658,-0.787876932396832
-0.4629690946593842,1.177707439872066,-0.35441003272946847
1.8927824636177275,-1.1925685852556636,-0.8101659330635501
-0.05140923598151946,0.123065309374658,0.413058555505913
-0.8298240666804723,1.3196669341168754,0.41667082032401936
-0.8370854530993974,-0.07342921882108819,1.224375713488138
-0.12876158380319128,-0.039396662342831484,-1.2197380933647342
0.5381336036802782,-0.5004881936285678,0.3130155015168562
0.10422912373451709,-0.6006072865355532,0.012354991898882528
-0.47975887567031705,-0.7027723361995329,0.24602923487112316
0.2505635779618523,-1.8063429036963243,0.5537093200266497
0.32597443519469,-0.6013167308424282,0.18240764940066165
0.6718971418035369,-0.798622412419849,-0.6106392939614084
-0.2006380721353744,-0.43764326327346226,-0.8817048122470089
-0.45661110802314275,1.9465037957707432,-1.7628798825502159
-0.465445194148479,0.9666165228169359,0.11774092710085163
-2.8267571091329136,0.18553809243854325,1.5620497921754144
-0.007382085983788137,0.5614744522329642,-0.3988885884307998
1.3091347970184075,-1.1614436923524476,-0.47665249282229954
0.748183451507425,0.8286436910435153,1.288358442141606
2.092312697880727,-0.1812640072603141,2.049638129843419
1.039750591332765,2.3678465275318255,1.0284206121874626
0.11824474947476615,-1.7940337113860219,1.4870495053234862
-2.7530656542168064,-0.6760826973518721,1.1378078940164693
-0.13293323147150204,-1.0991655789871284,-0.7557333042662963
-0.9689812476094528,-1.977806419989703,-0.9875391625179869
1.2010383626453218,-0.5082634645070718,-0.4186065646550138
-0.7339671504517663,0.10741566793411071,0.6052675757363483
-2.3357182088911976,1.8492134210803755,-0.07188232756892109
-0.24995596959655741,-0.7437051640600514,0.8633189444833146
-0.12095280343216659,-0.9215892298426136,-0.8493229700001508
0.8885540725630412,-0.7702971713730961,-1.3969821855336348
0.19979719914224164,-0.35125264616633783,-0.2442398246720444
-0.13428955784131705,-1.6054479297937192,-2.5943926994271904
0.05709997098746912,-2.515109796611943,-0.2382445671569005
-1.3020612568124876,-0.49914950137629505,0.10196436502813751
0.03367252690143849,0.8459278647073505,1.7003368121994662
-0.4590078418140468,-0.3372350961579534,-0.3170710721341186
-0.7819134545770463,0.8030888617144402,-2.0862529679650805
0.34925442508489907,0.3673404465907944,0.3542396186298567
0.04022720594725164,-0.461371847152408,-0.47772685988274977
0.3261733315151905,0.6611322064493197,1.3464661217940537
0.30956808825064497,1.3302425248283023,0.29057396095431304
-0.29427752391135625,-0.9129213077996161,-1.4630562582060456
-1.2398777381628796,-0.3432133712704267,-0.016317528735086725
-1.2381959518717143,0.722829454263874,0.9034940465610063
-1.5830912348421358,-0.019061291342236903,1.7954420905502197
-0.7830446140036778,0.43348146801706156,-0.875428253716998
-0.07024292497910142,0.18426791729893027,-0.4985095855473924
0.455820335419765,-0.05956033416545979,-0.058356508274710145
0.4432426194838219,0.33758011821093764,-0.38447110306974014
-1.3614866956336016,-0.1391428508263377,-0.39837950034843994
0.5510915998646199,0.03602332594660176,0.2854967436238775
0.39035536698408446,-0.3248987950623189,-0.6650421618544753
0.5920883395172365,0.0421526800361709,1.1319586008524969
0.6428082624584938,-1.0486806532767345,0.9988288303536347
-0.252266748563502,0.09676410736502482,-0.7499665129818726
-0.22704368800575006,-0.011505890671302676,-1.4345641762035457
-0.7025182320032752,0.25311830480747294,0.5178562272706538
1.2056704056269054,-0.5167470258717044,0.5973046393379425
0.05686968379415922,1.6976780932270035,0.3494910106726254
-0.19467446384197504,-0.49956213959233775,1.2580058636784723
0.07288265628037717,-1.2422171170881473,-0.7090159745705436
-0.46868553726127826,-0.037736505429596,-0.7881942884288753
-0.07367374876662451,-0.4772397871591343,-1.4296867139032734
0.7905545166915612,-1.4665086902700046,1.4606330601842241
-1.315071039265661,-1.133418123562515,1.0540305385106195
-0.34294468401401323,-1.9575954921100145,0.3919347665194723
-0.3534190002004501,0.026521670091302695,0.4844249060621725
1.4659597635745627,-1.0727098015000611,-0.006161627768640998
1.1578058383059104,0.02841436153112248,0.5278237505679257
-0.29681965373993596,-0.49334318479831524,0.1536297760127749
-0.16462196081038027,0.7010820816484181,1.456750845261061
0.01780001775767283,-0.8856841730553716,1.361794276899862
-0.8098729237421215,0.5386276344459046,0.6355620214013713
-0.1558239951288668,-0.20481445826799258,-0.013063013921635322
0.33118690908243925,-0.3615856001586012,1.8101215386714657
0.9676621729047826,0.9056661124969225,-0.30318238151590887
0.7401318288349928,-0.10630809859723155,1.0153679632299564
1.2119471251858442,-1.823051098419891,0.49467015725283137
0.5978135831665427,-0.2169900138943641,1.8245929833994077
1.0399675670317363,1.3998570821669079,-0.2717016619972398
-0.8701146415600025,0.658634027378072,0.15319707152011253
-1.088906539622066,-0.12170994789095929,-0.7936963801882688
0.4018448278611325,0.6593842015576883,1.4170452793753725
0.650073733671688,-0.9001645498772445,1.398600071907104
-1.9038720340363668,-1.5724158735171463,0.9355721845123689
-0.7865293763484732,-2.5230514768515104,-0.9242652704519286
-0.4632475526736654,1.267533584876954,0.7134936282593733
-0.6722824160248867,1.7418732020242487,-0.7459382011174307
-0.4406106313212997,1.4905213865020035,0.1925297303998409
-0.5669126409710769,-0.09090352564451608,-0.15610840742495719
-1.6518296137790682,1.5279758124659537,0.508814719754353
-0.6019175193966436,-0.27209035594959136,1.340934282486657
0.7489445094297423,1.6736733738260452,-0.27078871269217075
-1.151002981882497,1.0280715361865658,0.3074041029369592
-1.5994223469506,1.6295064455836745,1.8338503459463167
0.571821542066199,-0.003888580048090275,1.068357566805676
0.7623313853393419,0.5905239860712785,-0.36106380125961096
-0.5793864747709746,0.1207551458740866,1.018867263165327
-0.37930607862336196,0.3873324286234596,-1.615446759408546
-0.024433767974864646,0.14730176682955992,-0.1564601491960575
-0.13977260564759775,0.03426128739477352,-0.42468561471591976
-0.7531187968031707,-0.17914322071003275,0.6855932398505307
1.905125110130488,0.34913357798985767,-0.03346886899417779
2.1694281228413788,0.31221321588387074,-0.6983495759468451
0.4426911203267076,0.3784185677259794,-1.8284185443255485
0.7395672278731681,-2.2842845605361712,2.0529993293974793
-0.06944947535442664,-0.13579914481351946,-1.0030039976228826
-0.538496706204249,-0.24133228022206238,-0.9285373111514936
0.2155361241874371,-2.8426493219377025,0.1453747959108628
-1.2101520230706813,0.04149689168753235,-0.1395590505950877
0.8847998021925475,-0.4110983456266975,0.020414445784799076
1.5248621733639767,1.6693607775010062,-0.1304295219105461
-0.45251661643808594,4.033396742895213,2.1088106470565253
1.2177780782475054,-0.06291152270501474,0.6021654739802131
-0.9509642651907865,0.06560456392203949,0.14558722029378754
0.8776460333584944,1.2349091171979585,-2.537808309817513
1.6457705676120162,-0.8130062382494412,1.6988822082870443
0.8651542954233293,0.5337395386098708,0.7466553545752443
-0.28729065696225664,-1.5524165357583646,2.445772907220237
0.09756771773529367,-1.0084841505287843,-0.2553585715263339
0.7277155595984405,0.06321742621800613,0.1982096018080305
0.017773848587738394,1.2683810987269815,-0.9450900252051913
0.34617637357606307,-1.416874759474613,-0.9009909161115587
-0.018726182031426973,0.24950082606747379,0.2406845701385641
-0.23772757759839205,-0.39129357877487375,-1.086740356464874
2.2827365205803054,1.0806952792003632,0.36771531602554686
-0.6980185836818729,-0.4591264956015249,2.069622738532002
0.4912154773055914,0.4094397457392364,1.3163212256628125
0.7639006612350584,1.5006809475303338,0.1349090806045996
0.18123702185219628,-0.01816495020402393,-1.6505601123820355
-0.4316464399959102,1.821211239499789,-0.7398148136598944
-1.1111752857462893,0.9815370102030875,0.11634375301851406
0.4757114063567982,-2.0747663522654958,0.8338658689308128
0.12807461429998554,-0.44340848329912896,0.10519436270635556
-0.09194483951143632,-0.7867707805777794,1.1517405986481373
0.4895523579699809,0.9076757230554532,0.5911796540423853
-2.090795737368846,1.3256104629061767,-0.681909465764011
-1.1307282089614936,-0.1659835676331329,-0.931309095740647
0.2558873357956427,2.2587912355024935,-0.16957893202124402
1.1113163678889557,0.693979839584905,-0.045130333426539486
0.14118537625149893,-1.3288871016515678,-0.12204459262855871
-1.2274987753564008,-0.05900032721894131,1.3227599397088916
0.4749471232707491,-0.11619003125156091,-1.0054900767424122
-0.3051922758047225,-0.651726582628066,0.38055347778075255
-3.380472412840542,0.08541520870296253,2.264701544662738
0.3003312829055662,-0.9367428192138679,1.161594320769009
-0.4839871728233186,-0.6978322282630273,-1.0238209926321984
0.001868218793256128,-0.24410497631736686,-0.4883170600486899
0.5283572173551846,0.7216486992838549,1.0054060800021614
0.24487195515629906,0.09862349784036402,-2.0887479459656486
-0.047646337278847255,1.2751203543380856,-0.04448151147911943
0.043448453874539696,-1.0584215466600604,-1.4199193694653995
0.38783829257700403,-0.8757320191986223,-1.3173565023823135
0.17018237931216879,-1.3939182099724954,-0.9685539975744883
-1.1657939301992146,-0.28975476469061173,-0.5986020934543278
0.021365088783315996,0.7596479287990646,0.21510190813214025
-0.3604670166225822,0.6684410946412511,-0.8905732456173879
0.9346804529993702,0.015829287767416073,0.2755326908508685
0.7046740650866771,0.26376343650653,-0.5836396131791067
1.057712168951197,0.12619292923229997,1.206213262110825
-1.9459751113637374,0.0031852269691404816,-0.005770430579468827
-0.5003436254283437,0.19829848741594136,0.7744789383816566
1.3244161459744859,-0.14771363366312143,0.12812870842002166
0.6617879532395952,-1.6620552897140817,-0.42649144641946096
-0.18309327487296945,0.06939647399700206,-0.020698885278702735
-2.2515378331173586,0.7766836612222315,0.6341661779588379
-0.6907294917303591,0.28867546652863535,0.061908718929863285
-0.7832755625160015,0.975441571210538,0.02109709085039186
0.2725958248842251,-0.9630890682977798,-0.24924783693359404
-0.5136819375931756,-0.08966698612184332,1.0242829460383212
1.0238580101600607,-1.1436883441192007,0.3007867871269129
-0.4407878044482629,-0.15531387043767356,0.7614069943585636
-0.8019554989953589,-0.7160447103973606,1.8073272006159529
-1.1057125230780074,0.5804253438483986,0.43352605460177196
-0.8671850997801245,-0.37684615142414135,-1.7592600616220961
-0.38913400815316634,2.226959243022774,-1.5338099748965661
1.0437015433451082,1.432637269078003,-0.003616251399840598
1.1795705555621587,0.7699159830729255,0.6864914774731228
1.37804504723694,0.4121846987914556,-0.3798956179634582
-0.4171894963413393,0.7631316868291088,0.3120170778444527
-0.17686711513600945,-0.24797385891281754,0.4737873006199155
-0.3988288657767558,-1.322673627773807,0.6782653231624072
1.5713790845317415,-0.7605200642944018,0.9049891629453202
0.18223855347623222,0.08268030382913172,0.6942211668394862
-2.380563010582708,0.41605181973525707,1.2588982196344618
0.4154553070599591,-1.1708855514884777,-0.6700876292495747
-0.48404454910237144,-0.5548986428278776,-0.10346882592503728
-0.13200770415632812,-0.111622209281895,0.44754471943153223
1.2089474755793779,2.153918588433834,-1.6166107010934854
-0.09738396064699917,-0.6458591637403143,0.14153035771281233
1.3446144346270148,-0.19648719320533925,1.6992555073942264
-0.09597590199368362,-1.3586752473572292,0.14029651094660112
1.0015157097538276,0.037740979957925774,0.21438823082281597
-1.0406882486151492,1.3608929452290552,-0.1250351702349367
1.3540018451835296,1.010555506239806,0.10721801355220179
0.06347298471053642,-1.6407264085920792,1.1134226397524354
-1.521860120048988,0.002257965961284684,0.15315805130320936
-0.7986743253852592,1.5413177984642839,-1.2746997195754508
0.3536218209666109,0.33280363278802866,-1.1449292744652584
0.6697346328126832,0.1909663369538885,-1.3881503142743408
0.15390288617904718,1.07190337203793,1.309628590759076
-0.4809926084495237,-1.1999268025865208,-0.2395513602177806
2.617430761559809,2.439894568530687,2.382488789691023
-1.2467223516650179,-1.2290677847719615,0.2688288577566088
-0.4830644806309522,0.275358422939526,0.07829964788676493
-2.3617571054605953,-0.6937655762041587,-0.07716083749748513
-0.9155169245640136,0.7089251629440827,0.7274366631605895
1.479808140479556,1.115549799997305,-0.042082209949596217
0.33279074984962603,-0.15162626899506765,1.0565991736719307
0.23200367347328194,0.3682466643066814,-1.9660275572442987
-0.7604294841367881,-0.09026034012757803,0.7770280300750269
-0.5328687764798985,1.1583661095263775,-0.920611128135224
0.35751321086957366,0.5491923941776311,0.7272606576718629
-0.8722630944841688,-1.355515579204272,-0.5850142779433775
-1.3754037731828432,0.3316775878500182,2.4687881613514038
-0.9701927100807679,0.2029786901835981,-1.312350324969215
-0.17848493141336155,1.2866285607598267,-1.2519555532605773
0.0784489571894483,-0.2627025911622862,1.6985100636830286
-1.9295515132870358,0.5553822661303542,1.9710986915313273
1.0775973314510545,0.0390434108654821,-1.1327132057770484
-0.002533504542887151,-0.35956220133183125,-0.8201558857188749
0.913963009190474,-0.007595710720897828,1.7602784879278923
-1.3199514436740312,0.15290152475153815,-0.2595653900107541
0.04163790551312101,0.413055662383539,-1.336121889385601
1.0504980704622038,-0.10864253474185889,0.15670221420516697
1.1068371296804114,-1.3926793406623852,1.3663199198522518
0.3518807562169451,2.2748142389968757,-0.45455103831282717
-1.169346511034672,-0.5417165390661488,-0.33230332206337926
-0.5735503599638292,0.38172744904745376,0.563480663249471
1.6344777862275217,0.03346982585842347,0.6573805089680786
-0.35328276404289427,-0.04892656246690187,0.6473521546622621
-0.9343029727605239,-2.222506818501726,-0.4372431106268681
0.4009727985908101,-0.5702646858926251,-0.0816546983166155
-0.1328570272624242,-0.6796514755694828,-0.41004364292894996
-0.15981966647999013,-1.8538951512432167,0.13118515420992025
-1.2416175812096435,-1.2992349416863107,-1.0253727968417683
-0.7129107156103619,1.3659260953078853,-1.2909336052157343
-0.532200830811941,0.36135512348840937,0.6967304301175091
0.2707996471520712,1.4107830079770682,0.280796739836396
-1.5253734554520635,0.6695901215222321,0.17143776369976962
-0.2034453164396141,0.678616838913095,-0.9376032700572008
-1.1653883168582047,0.9869430669391164,-2.120992044663306
-1.7653240191902035,0.66942834058815,-0.11007108199549358
0.08700753587167044,-0.05957927300596958,-0.035480899680463314
0.06239726293411953,0.12105036373740444,-0.3414020924579394
0.43182333108137166,0.3206185429477811,0.20138580598403322
-1.1976795791167512,0.06825195566163078,-1.142923506080591
0.754242555232849,-0.1733255286640588,0.6959094879497165
0.48896502767099276,-0.5478524092507823,-1.7258129165188392
1.3619034511699706,2.25860956237402,-2.021676626163797
0.6538720037437046,-0.3709002535927286,-0.37003878591214423
-1.7296195977692543,0.2551221837247036,0.6602402579032192
-1.1957459886104946,-0.14525850766324094,0.11248816637746113
2.196828291848178,-0.26730418881761736,0.024499673739904523
-0.31507229170355644,-0.15605485410765324,-0.32326155769933645
0.1877217548691221,0.4638140211510623,1.2297427032761574
-0.13283393986980552,1.5594891193303444,0.6205348385207117
0.7269354672830469,-0.06582795556308474,1.3498442160086899
-1.2098135226345346,-0.8982302197953641,-0.3858517772693763
0.61536747648036,-0.5277171206320609,-1.1488663084648323
0.4969134488419367,1.702965376527021,-0.7641297773555054
1.2955421372026996,1.394757481748959,1.4405945360657149
1.4426104079365158,1.5850356935893788,-0.9678281596601227
-0.25239945521573626,0.13870731123951888,0.933799168778834
-1.0887568253970261,-1.5717373825123884,0.2470516377593712
-0.17957461233273533,1.9384595922257404,0.5515867893627656
-1.1506420264940274,-0.41608442092282333,1.7165649233576956
-0.7224964766155846,-0.13561008103754219,1.5175772194117907
-0.8880511533189794,1.0588111845117525,0.2259411315526466
-0.7257267099056365,-0.5779553998864805,-0.827834117840372
-0.589150564728643,0.7338761656793326,-1.5197952487594368
-1.5162732374636971,-1.2086389811024878,-1.6212948247263843
0.4124987504290492,-0.0752872612547775,-0.3375594812572692
0.5981376281858678,1.218449438127281,-1.516118183787036
-0.44061078018958294,-1.2972775837429869,-0.44917965775570384
0.949620280063735,-0.1975244607947665,0.8131330064283556
-0.03928635261753733,-0.22647411572701293,1.5864060528682347
-0.0787448051017861,0.4867921061476938,-1.2771490948534743
1.1217041574368316,1.9095047186626066,-0.16456887700880002
0.5499967840451869,0.9305132889304826,-0.02481964388179098
0.32976531527101294,0.637750943756412,0.1523109470951777
0.36533908777078555,-0.9643187177121663,-0.18557909404272896
1.6899805062711788,1.0930633784390507,-0.8024350148506395
0.457651762899263,0.2724659940156094,-0.5192952930582972
0.5817968160254983,0.8312888460691018,0.9518189511100774
0.8730228918002216,-1.0287013138782313,-0.48521889953923514
0.8477935153132471,-0.2665407471452356,0.5660052153227064
-0.5970049648648407,0.07432748127279665,-0.7150761166545138
-0.2709757694162131,-0.046374899958813116,0.1601922049011214
0.6365326920272645,-0.6474836849008547,-0.49043705661744263
3.0981591542917193,-0.20127953170382568,0.010279258159252982
-2.7126190011261437,-0.7044735608905561,-1.1348170359971959
-1.2067703840012851,-1.0784333396622963,0.016404990911564294
-0.3492971255276695,-0.5960997743908446,-0.24265018551028955
0.8912491384179626,-0.8191128634527655,-0.15958412058642782
-0.30533917294293955,0.2966975924640141,-0.41386140156782375
0.3558403733961894,1.7804904237491332,1.0485683104031915
-0.4125525682023752,0.12979295992115322,-1.3804498842718746
-0.9715132219593061,0.9659349690573794,-1.6159567450977004
0.006094056513438058,-0.7107438677145694,-1.0389568935764437
-0.1388696674922017,-0.6103685270257858,-1.3742246033687786
1.4744674390475094,-0.03969348849696217,-0.6795164845495396
1.0681262775587614,0.7586048200118305,-0.22838685279482482
0.8560442984876618,-1.0542317130918373,0.2803091356174772
-1.389414893588923,-0.9007959608990774,0.22000254529694485
-1.5584055196244027,-0.4722065903504638,-0.046778783795980876
-0.19169688834786233,1.3520354237587273,-0.5481939936609601
-1.9469144480121774,1.451132976407521,-0.6363298597500805
-1.26941170053892,1.2431497686438298,-0.2989406644890682
-0.14790023388240076,-0.06191351467765653,-1.5082623558370678
1.562424660072137,2.0372690448183164,0.6774509348399235
-0.24270240423916847,0.07152464408592098,-0.02239350851245778
-0.7713446686344888,-0.5955026795233958,0.15359542773842552
0.46928608716946557,-0.10547295821874421,-0.7501185271271605
-1.6265989669408718,-0.18866386984891279,0.13359970256111794
0.5791158440850855,-1.4672618681744771,0.1702348375803996
-0.30935935334131964,0.6432125017375582,0.18088145547329496
-0.6265191148761209,-0.18396272775146844,-0.37624276563160636
-0.4398196059263157,-2.4982000246034723,1.307953588780709
1.4818511705104034,1.0574432526667417,2.7440411352981684
0.3903590517668696,-0.7915128811300535,0.7232530227797238
1.0686257538155077,-1.8601687290081719,-0.06405125596766215
-1.0151100357841263,1.0072236478419674,-0.08524983917531019
0.5924093869613496,-0.0008479489013839445,-2.0623598440828528
0.2617074725551728,-1.06363664645637,-0.12675848386439414
0.7463084102876282,-0.5904707096434272,-0.1940666669643187
0.05296318207409507,0.7223893973363347,0.03214458004955676
1.1310921426804685,-0.6477786690116547,-1.4616065021229603
-0.5066942781964402,-2.2007311733790935,-0.6650537309417132
0.9976147147601246,-0.6133418500080431,0.8964507841065933
0.15918326979087372,-1.3313273594221164,1.8326128992293989
-1.1480448890313746,1.1068423708834867,1.6632811187350545
-0.7146528344753441,1.2576363047433698,0.2045066789385073
-0.30595505780367,0.9306250693312553,2.209362748845104
-0.12426846349141081,0.322188687337987,0.8734665146732689
2.017337080066886,-0.496422043379238,1.276485551381351
0.6969861368674989,2.132640342953173,-0.04236058848865434
-0.37719740546113806,0.42510923374793885,-1.636863139531207
0.6756796195401625,-0.6476623904781958,-0.5689966893295463
0.9341946035399002,0.7042044407150465,1.0931477265331335
-1.0280243407056515,0.4412238912262773,0.9111940008042821
-1.103847879531186,-0.632127582698122,-0.05069194784241262
-0.8722095013258896,-2.706962971380707,-0.7375667874386072
-0.296321713188162,1.7569436709123023,1.8052516022294776
0.1808463451836032,0.6375617205627577,-1.4243397064028764
-0.41321434124490863,-0.6615180999123152,0.7748118776260395
0.1462416364724285,0.26274029015242084,0.9314387604244759
-0.040691470247259394,-1.3579429141382253,0.8544636752676592
-0.10736444982160331,0.6878224800908427,-0.29955953648031647
0.4032987511773547,-1.1402495881454506,2.112243245538862
-0.6699129448975846,-1.140194865659142,0.5248795829599423
0.7160803335236101,-0.09262437472273755,-1.378201306844426
-0.13709190309648767,0.4780740329586028,-0.12207942134009456
0.4928285667738996,0.958285155936029,0.3719002279648488
0.2091936151891343,1.6501899849635782,-0.745636108559614
-0.7487510543290308,-0.6809919827562191,-1.597966703077101
0.3066382752586839,-2.270937026273009,-1.022832386625591
0.528269259415173,-1.3217370500840342,0.5814173944133988
-1.2406861973387673,1.810760967429898,-1.2921277831840758
-1.350545780194292,0.9126930329211417,0.4882093597988961
0.20704699606371652,-1.1071519625038992,0.9983536568950727
1.4959339394165103,-0.011806239937119042,-0.7752359463665415
0.7018151330295422,0.8563401508831444,0.2999729661732171
0.05263344156700125,-1.0736790040233533,0.21146316019827804
0.2587417348012458,1.136935578151177,0.20647317159839446
0.8515520075610987,3.350893044267181,-0.6831064726385766
0.3094601738921702,1.727215508690239,-0.4675178856214147
0.7888553364028252,0.20451594978632145,-0.1513811539385992
-0.2923927451679422,0.10346643531647923,-1.776690778561351
-0.5137378736268822,-0.40943830003294074,0.7418839134599173
-2.3243343593496455,0.6444501857980682,0.5953447669569782
0.9096437066300165,-1.448752176873964,-0.6791912381088052
1.595498376490183,-0.5664582692033482,1.1933825924284476
0.7741420921644789,0.01456007449578917,1.2479268240240478
-2.3356025145489525,-0.6955712139095384,-0.8384655609567607
-2.262094611221184,-1.105978501047681,-0.6866003331364466
-2.4212567914498426,-1.4479045440675484,0.8343409546607247
0.1826231256933083,2.2808319087738385,0.09776190829431014
1.117114924249862,-0.8623932652030176,-0.7565702051109875
1.4202273094412883,-0.40511062682892063,0.9642614651524019
-1.001499440766647,-0.9018855213366843,-0.6401257961234843
-2.017535624719266,-0.2630776652377629,1.9803998797797553
0.5647788118087705,-0.3108520674734884,-0.11608804155245424
-0.08808067889122638,-1.2571446171864253,0.19638452433961442
1.9176447197664859,0.36606121786625917,0.1394016423937207
0.8441747630625204,-0.43499425963445026,1.7356921332073623
-0.775218451276187,1.5556547560894487,0.1127380283809115
0.4387226512004101,0.329261033672887,0.9706515981014395
0.5117328172307907,0.9362072449188212,0.7687700436344846
-2.1782737645303314,0.002133729525099526,-0.022622328026487445
-0.492232590120562,-0.434196771780941,-0.7304649605597945
0.23197976806562667,1.5385254235626602,-0.312689389030694
-0.12973585570969626,0.09996707470319041,-0.29321135891052647
0.3343777254340119,1.4192101311520824,0.2569579656783213
-1.2846052958386325,-0.24392352099995915,0.009798484490189076
-0.26474555975929914,-0.17043521629402125,0.06653833575039242
1.3186334077266075,1.2299843531096333,-0.16015701954344705
-0.15008615237417694,1.0452544138791193,-1.9031764020059456
0.3239722479552523,1.7169199873075736,-1.0513320365110401
1.5582288277776333,0.4507881140525714,0.4686911485146997
-1.103572546970834,0.854518819901886,0.9752628249923501
-1.4687400338461363,-0.027324628362910157,-0.7885268937597136
-0.706301599064168,-0.8071272369407574,-0.5933450871350114
0.196796835260885,-2.154427594838406,0.4395871012189308
-0.4415526299550688,1.883256679555184,1.850205512008081
0.6694972332516481,-0.2741264879163605,-1.0542783839864445
-1.4077037585362464,-0.8677497914357003,-0.20159003939314132
0.6658474048897293,2.207642275153935,-0.44232454772431584
-1.4777529501029172,-0.0230605858211006,-1.1160165757278802
-0.5185746455545157,-1.071172745554136,-0.6447123925913525
2.3489666467179156,1.300372710615967,-0.3759259601545134
-0.5475704901701867,0.6476748149504263,0.2635985295544596
-1.3541027300946014,-1.1493609208623132,0.7981207408199885
0.26722365951183474,-1.772693546445363,-0.07761269023971498
-0.3617597209060978,1.267257596467586,0.5192566211985788
-1.9616829119233352,-0.3855736670886911,0.23574014888960146
-1.6831933360378606,-1.19980560949567,-1.1971332631677585
1.957493489147437,-0.861106368816319,-1.2609245349306177
0.7858892538356907,-0.7080129338093027,-0.7503315749375936
-1.6568319669687004,1.4475125368768977,0.7473426977383061
0.13420060956133692,-1.7049170762116506,-0.8125664926511064
-0.04572821871393532,-0.5970473617838592,-0.419904641965346
-0.29544395222297465,-0.18879976132197737,1.610803545077322
-1.5179742519226342,0.8826211535950133,-0.6135718219619679
1.2466682928489525,0.5160819773405695,-0.7929606344516626
-1.8773525431101459,-0.27074560957320903,0.5122040112634291
1.2595804485721638,-1.5756128916628562,0.6829209594431773
-0.5926616152649112,1.7392453598559976,-0.4298948677625657
-2.278896884021836,1.7367661030560488,1.0714782260030513
-1.1027340226489595,-1.0531578235278156,0.5812632337280297
0.4783585713250497,1.3875653919168287,-1.07920488361043
0.10928621380950619,0.6003222054501256,0.721778319911907
-0.38761691626832045,1.1875146703295163,0.8934680354102329
-0.37986565307236525,-0.9430174018216633,1.0909733236992862
0.45955728514823396,-0.9288457602444833,-0.39866318026047015
1.0364794993557722,0.5922327947131399,-1.8662974045199952
-0.42917051659586714,-0.5544008291711577,0.3678940071083281
-0.7909710003265319,-0.0002744620373727054,0.31820444637131967
-0.4969232538113478,-0.6747158502874109,0.7731243974089963
-0.1588805971458404,1.1700373832594642,-0.581334603252512
0.7035188242574717,-0.18463589205878744,0.8023472078076521
0.3747989712662405,-0.2869427272757385,-0.8094801048068326
0.5745335616844524,1.1255022913409196,-0.06098360521648838
0.6940971703143766,-1.0573303019297051,0.6533082051448248
-0.5839528593224412,0.41200920892673626,0.40136418727100004
-0.15085851477470724,0.3953568171573429,-0.5527455481653564
-0.3659426952195944,-0.44247560830398,0.4994833802064024
0.6096941390539181,-1.0819743984462422,2.7995769232836576
1.010567912359902,-1.0688216473215686,-0.3309737876737821
-0.17344489375201472,0.5678960843827611,-0.6563865510927915
0.8617248573574818,0.3641339124696953,-0.6166545749919283
-0.4264126505795677,1.5227916304917777,-0.9164131740417467
-0.6482794270799153,1.2479877816573761,-0.4118829530634015
0.4801905348098249,-0.08807393782794619,0.7577855585613779
0.4378513807791049,0.43224123550367183,1.293203848088052
1.522553373487785,-0.41505279435912623,1.4643830120855128
-0.23238872707401845,0.5896905490317796,2.032699240726008
-1.0154582748649306,-1.9863835174480642,-2.362915775444698
0.05807821886742304,-0.7528540683360299,-0.5635737500176905
0.6533653381415926,1.0702887487807398,-0.33423141852498406
1.6417870808666384,0.07064739000299691,-2.283772426590432
-0.5112539710778382,-0.17597473802644178,-0.5024591126397459
1.16955873245775,-0.7516284583525205,0.9288091360455697
-0.5857567488333745,-1.1092150780195023,0.3297380193161513
-0.00016148959933243967,-0.7542354390570443,-0.12346937496102155
-1.9148104652812414,-0.79572428034327,-1.510745792515751
0.2308129783249408,-0.6395959561018336,-1.3326807121850923
-2.550895437837166,0.7335994181603267,2.3965471253886568
1.358862001835294,0.7891213828623972,0.27437203700190343
-0.5504819765805683,0.5439663739127425,0.32085141740417655
0.7464723179364624,0.5662666467003946,0.08213832321237988
0.47104846567548325,-0.9695504690700166,0.8914751290685006
0.26938152346870137,-0.2722151997571519,-0.1245510353342175
-0.5066601995220296,-0.9275534084333166,0.48631212908236054
-0.38858365860693367,1.2607434162899138,0.5384539032906196
-0.007211949195093352,0.5637505610248724,0.22490667077842155
-0.32073345927093305,0.15391144457756642,-0.17705112949911694
1.1589946667861144,0.5159381406951287,2.1168555846828685
-0.867889797245032,1.39040795803719,0.11142628606851468
-1.6435457502879083,0.5862718256183626,-0.13733481472054523
-0.23730151334703078,0.7648855866186075,-0.4173447854082401
-0.9387662284550446,1.1654104325454513,0.1520401404748188
-0.3056941469804371,-0.5802461653126745,-0.2858544550641695
-0.2905459076237332,0.796959654387337,-0.24728080326514776
0.6459646758987733,-1.7082231686104452,0.08524504687212214
0.14400768182007107,-0.4093478920065602,-1.6114225712409807
-0.7206029778343873,0.3719268425920254,0.10336310326081825
0.7000778209414865,1.0400517449233304,-1.010744690073193
-0.025312962120995455,1.8652148635753958,-0.4150331291526233
-0.6892688050201675,2.7389704658834972,0.16399426996503663
0.8622453836704286,-0.025826546138058782,-0.8285104110340571
1.5028771410545763,0.0686959823875707,-0.2802963020610046
0.8695176140323121,0.01616262188702532,1.1065606222766637
1.0772683197483723,-0.010646429305253998,-0.5773316795642496
-0.8141954650615975,0.4106815039618433,1.3326595658942142
1.1235561428790275,-0.5076453387627614,1.5109219711762218
-0.30044542231202614,0.22182838060039947,-1.0760900452656847
0.06711699815315453,-0.12816452857290853,1.5987823805915302
0.6908109758092363,-0.8858621638572813,0.08954856072364165
-1.3041558265720539,-0.5697116826365151,1.2432463159786737
0.11954057830084651,-0.6596866870344109,1.1875602902074702
-1.0604060215914515,-0.6292866805535419,1.2503566418762557
0.9998464647318674,0.3278860730644336,-0.21726366277963974
-1.1468844450300912,-0.5183377490315657,0.19153851806531763
1.8314533718524395,-0.689019868832515,-0.5732856090577069
-1.1105811080111114,2.99733839343916,-0.020591242095111498
-0.4415387282680528,-0.47903160937117534,0.5251033177701977
-0.5862014338370432,-1.4580735094953596,0.31679817692049383
-0.7289667764267009,0.6537998351402249,-1.9181141472164092
-0.6710864190930899,-0.8928785423096061,1.735010031790451
0.022036793600658466,1.5870960997344157,-0.36134089884677345
-1.5851895594056085,1.581803577370845,-1.2846937010008561
-1.0370605227285683,1.6692965771428754,-0.9748782660135864
-0.37016171522418345,0.6596403666504419,0.8171135581372309
-0.5032275366796937,-0.20958314705905132,-0.011564046025673104
-0.3539916267259542,1.084874526754059,-0.4213388579865329
-0.005587277932237132,0.38646647468438705,-1.1916731365613316
0.4307384476054281,0.6609040024213887,-0.6818408953177281
1.2581916792958494,-2.374374615002412,-0.4017324664410887
-2.8000044492506095,0.7149747963553713,0.4411912088678376
-0.9325078692485922,2.3342231229199495,0.8295577859514385
1.6278692049708903,-0.6852553729946091,0.8845625641452581
-1.5352472460445967,-1.2773346806979946,-1.2478084187148226
1.294622659042588,-0.9367939551230917,1.1025839070085957
-0.983704826910115,0.4525829420846921,-0.11277470356665016
-0.7090218418284463,-0.7211401532698329,-1.9237643433969585
-1.1827951853963345,0.008124679771894672,-0.23946338382160146
-0.3522611275147221,-1.0524408578422735,-0.3378419272494759
1.560745371218891,-0.5503695012112304,0.31203696035968276
1.4178528958868142,-0.6114675485231548,-0.6862948283638782
-0.24242916648120968,-1.6954105257920553,0.6367650063110094
0.46187279989096186,-2.2880639864341528,-0.2546012284028089
0.17652949180669014,1.3477073486853037,1.9439209171121778
1.0415037807141163,-0.12828307869319097,0.5262478935659508
-0.822402404309926,-0.03794665604225109,-0.9833466271308153
0.22812422404045735,1.7018175417159056,0.12954035540952705
0.13918631298504075,1.7054383754364153,0.37067289263538994
0.991347767130993,-0.028206343037174727,0.5821282959834999
0.15149283950915143,-0.546033127543175,-0.06331997579714714
0.3126299980012984,-0.008276662298350964,-0.2851028601733244
0.5325730350491519,-1.5545165270904704,0.7186476758797061
0.6348285696097222,-1.773004252000552,0.23080514393555684
0.5929594543163511,0.7052422026822608,1.9781066784961805
-0.7024349477720708,1.1279464821257505,-0.13824481001487007
-1.1739934350826577,1.2478233027594632,-0.22976961796878032
0.498081178345569,-0.18514999985673586,-2.1371541703756614
0.24301123592656385,0.010516120029376344,-0.8046238329063534
0.33181464929056864,0.7171198521302025,0.38132637025801874
-0.5757436090398459,-0.6737700602493614,-0.6399346213644519
-1.183246457836587,-0.3445759766110899,0.8777020033010785
0.1687971022835212,-1.0353214455319646,-0.5378034410174849
-1.1919668560696706,1.6313925968427017,-0.37055324093515246
1.4515244259170628,-0.9700686081957106,0.010342536507333662
1.4090436924907837,-1.2176371528004186,-0.8690410240774855
1.6482239459841135,0.053599887226412964,0.9240202049713375
0.7220668363789764,0.8327584628585272,0.4442436738452928
-0.5013436865617439,-0.8497963038731806,1.071300216047018
1.0224896130665833,0.7161926167266813,-0.9371731564716488
-0.1369258927617276,-1.2154542705182378,1.7995640527781875
-0.08487892785019063,0.16638836360320747,-1.1615498732256195
0.9423731082105751,-0.3115424902608576,0.6263600568741488
-0.37315266256890167,-0.4300222206818717,-0.429038647472653
-0.9703080299259672,0.9054093215130268,-0.7147675425821619
-0.24593447014422695,0.08891684580136945,0.2505253441800195
0.6843894359494758,2.193343079271699,1.9432494840015129
0.2929436475095264,0.5787962270109788,-1.2618431608815415
0.6195094413884731,-0.9177705633671448,0.9089353363481091
0.9109393337166228,0.450512177944813,-0.18652144040767152
2.4016771883388435,-1.4962274021480908,0.4216336570038496
-0.9139151371571581,1.343465896285829,0.3238988061457421
-2.0306512854247503,1.0200734632116133,0.8439024880472017
1.0936149232438588,0.2546997575744118,-1.008901739819474
1.0739704252891509,-0.39645434642603417,0.7763003714089494
0.6734102552594832,0.38975649289416453,-0.16698559994521706
0.30351814682596595,0.0506251531420004,0.050266771226012974
-0.6950622536333405,-0.3335191841676777,-0.9804921672712346
-0.6973482788280307,-0.36452749368678466,-1.7642846025042298
1.4402807038816718,1.8823503010903169,0.14002128145877435
-0.9678620442626662,0.2879403774870457,-0.4067599290635175
0.6220874359764886,1.432366958346682,-0.14249365158732702
-0.0942489472898916,-0.695535551557719,-1.417579047997925
-0.9540719057894221,-1.4024510571957296,-1.1971022522858596
-1.2915099096758784,-0.64455709371448,-0.6212264911499906
0.15971213061383221,-1.1273162268190133,-1.3779005464277294
0.987377044280764,0.03515825235742907,0.5635968942155289
0.6867184367648782,1.0624863502894069,-2.4552515748941173
0.10056737725172105,-0.08607343468159934,-0.35854380389392243
0.05075022637151779,-0.26643747636735615,-1.4148726212934408
-0.5822474024377569,-0.0789937843870899,2.4970091245544985
0.061851924482342543,-0.24005128806139428,-0.401961216059406
-1.810286562508846,0.4428112239278127,-0.39366773550687423
0.9704833775624948,-0.4059364899037608,0.20284706540838823
0.638845230468982,0.7681169059713948,0.030670961109180647
-0.8549793710903218,-2.034395400175154,-0.8589145908332374
0.6617726642911262,-2.0924025210315604,2.5879187337004703
0.491176829811499,-0.3448084654790613,1.8866152497956106
-0.7265255398876794,0.9515996577653546,-0.8683751551640267
0.30642719152637865,1.8546302314078214,0.60558577367973
1.0367733925335643,0.970961038425886,1.2691194347778687
1.2535091475719868,2.5554690539362093,-1.4070379877609294
2.0753169161670826,-0.664368376923571,1.7077103382674634
-1.6839111665644642,2.0984110055140626,-0.993524912792505
-1.5499871129620852,0.5322327137733043,1.221435763595165
0.5096072272826913,0.6247258491060343,0.3724734385064139
-0.6416577079719212,-0.07260944586567979,1.2096107553893123
-1.2802150589857804,-0.3715608219731761,1.0402870367045745
0.03440463500643462,-0.6781404900821306,1.2518939175154846
-0.04607671072565573,1.1656063128508414,-0.2639672365174641
